"","Point.Forecast","Lo.80","Hi.80","Lo.95","Hi.95"
"53.14286",86.6822230334281,48.9373269757705,142.630875798679,34.807263460914,181.28051890395
"53.28571",100.569237833094,57.906034009075,163.018086700366,41.7309116472265,205.833577862396
"53.42857",73.710292000956,40.2207631438348,124.43477699921,27.9573874730476,159.928328212059
"53.57143",4.22902938718943,1.0444415821501,11.7873390991911,0.379005296327077,18.4778942255086
