"","Point.Forecast","Lo.80","Hi.80","Lo.95","Hi.95"
"53.14286",83.8179656276504,41.4903973752626,151.939620676285,26.9523823924775,201.316208704238
"53.28571",110.038430831347,57.0176652498551,192.990883563454,38.2480729527489,252.147143217404
"53.42857",73.5738068974213,35.1840074480443,136.676137704028,22.2984833637328,182.965631160909
"53.57143",3.62725618336853,0.578078272114296,12.5386120652766,0.128847925347068,21.1863113762638
