"","Point.Forecast","Lo.80","Hi.80","Lo.95","Hi.95"
"53.14286",65.9130078295388,35.8986677371427,101.546602665828,22.6816954741462,122.417928868642
"53.28571",71.2678744758685,40.2481208170603,107.778224218203,26.4129787151617,129.078993122495
"53.42857",11.4694658108709,-0.179476312452652,34.2820647707888,-5.66513463770997,49.364178897719
"53.57143",2.46415237936744,-6.7261242571807,19.5943702457877,-16.3739368576545,32.4089212436138
