"","Point.Forecast","Lo.80","Hi.80","Lo.95","Hi.95"
"53.14286",70.399900884564,38.764053769184,107.861458958147,24.7789071275869,129.77780000946
"53.28571",68.0853021779276,36.8352819124984,105.244264457795,23.1068483419213,127.024399374664
"53.42857",10.5047065669125,-0.64180004046227,33.5706819837288,-7.0755811051374,48.9786604775343
"53.57143",1.61273051156519,-8.48008623210795,18.3530507884669,-19.0064846051417,31.2927150065336
