"","Point.Forecast","Lo.80","Hi.80","Lo.95","Hi.95"
"53.14286",86.5849882680912,48.9858493193603,142.242581180421,34.8911333198392,180.660175348798
"53.28571",101.530138097607,58.5906100955835,164.293179852166,42.2872277827212,207.286801595131
"53.42857",73.3170401188184,40.1095973896108,123.532347055375,27.9290828436877,158.635765659501
"53.57143",4.35630072877411,1.09871539395101,12.0059167554395,0.407011711677102,18.7437909552158
