"","Point.Forecast","Lo.80","Hi.80","Lo.95","Hi.95"
"53.14286",86.7148793513953,48.4833221887614,144.694010197134,34.4084145541247,185.454613398353
"53.28571",100.581688969852,57.2295949569353,165.561917657151,41.0835082320137,210.920170226408
"53.42857",73.645362194735,39.8822790612346,125.944631864145,27.7136726320615,163.185855074075
"53.57143",4.22143290375228,1.1652845818896,11.3500340301877,0.484021458628458,17.6921265442173
